catalog_event_id,event_date,magnitude,depth_km
201401022040,2014-01-02 05:19:32-08,3.1,5
201401022050,2014-01-02 09:20:26-08,3.2,4.4
201401042017,2014-01-04 00:13:29-08,3.2,6.9
201401042012,2014-01-03 21:27:24-08,3,5.1
201401062025,2014-01-06 00:41:21-08,3.4,5
201401242015,2014-01-23 20:40:17-08,3.8,8.23
201401282017,2014-01-28 07:05:01-08,3,5.5
201401292003,2014-01-28 18:24:06-08,3.2,5
201402042071,2014-02-04 06:08:17-08,3.3,5
201402042078,2014-02-04 07:59:51-08,3,5
201402152001,2014-02-14 16:19:12-08,3.1,5
201402162040,2014-02-16 07:33:44-08,3,22.9
201402192031,2014-02-19 08:44:57-08,3.2,6.34
201403052029,2014-03-05 06:17:06-08,3.3,6.4
201403092052,2014-03-09 10:02:15-07,3,124.6
201403102020,2014-03-09 22:59:56-07,3.1,127.5
201403092053,2014-03-09 10:05:54-07,3,7.29
201403102055,2014-03-10 07:11:20-07,3.5,4.3
201403112044,2014-03-11 05:55:27-07,3.4,4.89
201403122069,2014-03-12 12:35:26-07,3.2,5
201403152073,2014-03-15 12:27:05-07,3,5
201403172087,2014-03-17 11:45:55-07,3.1,5.1
201403252033,2014-03-25 09:55:35-07,3.7,5
201403272016,2014-03-27 13:05:16-07,3.2,4.6
201403302008,2014-03-29 20:08:31-07,3.7,6.08
201403302010,2014-03-29 20:55:33-07,3.5,5
201403302014,2014-03-29 23:37:44-07,3.5,4.29
201403312020,2014-03-31 10:17:59-07,3.2,3.4
201404032100,2014-04-03 09:56:50-07,3.3,4.8
201404072003,2014-04-06 18:01:03-07,3.1,5
201404112026,2014-04-11 00:19:52-07,3,6.9
201404182071,2014-04-18 13:04:25-07,3.3,10.5
201404192030,2014-04-19 03:43:10-07,4,4.1
201404202060,2014-04-20 12:07:13-07,3.5,6.72
444818,2014-04-25 17:12:09-07,3.82,7.83
201404252021,2014-04-25 00:38:49-07,3.2,6.48
201404252042,2014-04-25 16:54:44-07,3,3.07
201404302015,2014-04-30 09:59:54-07,3,7.3
201405032021,2014-05-03 01:34:07-07,3.7,8.2
201405062031,2014-05-05 23:08:10-07,3.2,4.78
201405082015,2014-05-07 21:32:45-07,3.2,5.02
201405112057,2014-05-11 12:29:34-07,3,5
201405142035,2014-05-14 08:52:17-07,3.1,4.54
201405142036,2014-05-14 09:06:26-07,3.1,5
201405192003,2014-05-18 18:37:23-07,3,1.03
201405222003,2014-05-21 19:46:10-07,3.6,10.93
60783282,2014-05-25 04:21:43-07,3.11,56.09
201406012075,2014-06-01 12:54:18-07,3.6,5
201406022044,2014-06-02 10:38:54-07,3.2,5.97
201406022053,2014-06-02 15:35:20-07,3.2,5.26
201406152016,2014-06-15 06:51:25-07,3,5.25
201406172023,2014-06-17 09:29:12-07,3,5.05
201406182005,2014-06-18 00:08:02-07,3,5
201406172007,2014-06-16 20:47:24-07,3,9.62
201406262018,2014-06-26 07:02:50-07,3.4,5
201406292027,2014-06-29 09:29:47-07,3,5.5
201406292008,2014-06-28 21:59:33-07,5.2,5
201407012027,2014-07-01 00:42:52-07,3,5.64
201407052064,2014-07-05 12:30:07-07,3.2,5
201407072022,2014-07-06 23:53:06-07,3,6.03
451213,2014-07-07 17:16:47-07,3.16,8.96
201407092024,2014-07-09 01:15:20-07,3.6,5
201407112019,2014-07-10 23:15:55-07,3.3,5
201407112045,2014-07-11 05:41:22-07,3.5,5
201407122010,2014-07-11 19:48:58-07,3.6,5
201407132052,2014-07-13 07:51:02-07,3,4.83
201407152026,2014-07-14 23:34:44-07,3.5,121.7
201407142056,2014-07-14 09:50:14-07,3.3,5.12
201407172026,2014-07-17 02:12:27-07,3,5
201407172032,2014-07-17 03:40:43-07,3.6,5
201407172086,2014-07-17 16:31:52-07,3.2,5
201407202041,2014-07-20 04:48:34-07,3.1,100.6
201407202002,2014-07-19 17:24:58-07,3,5.58
201407252009,2014-07-24 20:22:36-07,3.7,60
201407242003,2014-07-23 19:40:49-07,3.1,1.45
201407252014,2014-07-24 21:56:51-07,3.4,0.7
201407282029,2014-07-28 08:08:04-07,3,4.2
60828527,2014-07-28 04:04:34-07,3.53,26.58
201408012035,2014-08-01 07:19:21-07,3.1,4.6
201408012036,2014-08-01 07:44:27-07,3.2,11.68
201408052044,2014-08-05 10:09:56-07,3.3,4.2
201408082036,2014-08-08 11:07:48-07,3.3,5
201408102038,2014-08-10 07:54:27-07,3.3,5
201408102010,2014-08-09 21:38:43-07,3,5
201408152050,2014-08-15 13:36:23-07,4.1,130.6
201408162006,2014-08-15 21:13:36-07,3,5
201408192056,2014-08-19 05:41:35-07,4.4,4.51
201408192070,2014-08-19 08:16:37-07,3.2,5
201408202023,2014-08-20 04:01:39-07,3.1,4.46
201408212069,2014-08-21 14:46:11-07,3.2,1.12
201408232016,2014-08-23 04:06:34-07,3,5.24
201408282009,2014-08-28 06:33:11-07,4.5,18.9
201408262028,2014-08-26 09:05:10-07,3.2,5
201408312009,2014-08-30 20:06:56-07,4.8,9.75
201408292009,2014-08-28 20:01:27-07,3.1,4.74
201408302024,2014-08-30 13:09:14-07,3.8,5
201408312015,2014-08-31 00:20:19-07,3.7,6.19
201409012035,2014-09-01 04:46:49-07,3,3.96
201409082004,2014-09-07 18:52:57-07,3.1,4.74
201409082049,2014-09-08 09:21:34-07,3.9,5
201409092058,2014-09-09 12:49:28-07,3,5.99
201409102001,2014-09-09 17:11:42-07,3.3,7.51
201409102059,2014-09-10 10:53:25-07,3.2,5
201409152013,2014-09-14 21:20:35-07,3.5,1.28
201409142041,2014-09-14 05:01:02-07,3.5,5
201409152035,2014-09-15 04:55:06-07,3.5,5
201409162010,2014-09-15 23:16:30-07,3,4.45
201409182023,2014-09-18 00:12:40-07,3.8,5.21
201409182056,2014-09-18 12:52:32-07,3.2,3.29
201409242015,2014-09-23 22:49:33-07,3.5,5.42
201409262036,2014-09-26 06:27:38-07,3.2,5
201410012006,2014-09-30 19:34:57-07,3.5,1.85
201410022046,2014-10-02 11:01:24-07,4.3,5
201410032020,2014-10-02 21:52:32-07,3.1,5
201410032003,2014-10-02 17:19:11-07,3.1,4.15
201410052002,2014-10-04 17:22:31-07,3,0
201410042046,2014-10-04 07:11:24-07,3,5
201410052025,2014-10-05 03:24:50-07,3,4.78
201410062071,2014-10-06 16:36:31-07,3.1,147.3
462883,2014-10-06 04:01:47-07,3.14,12.25
201410082062,2014-10-08 12:44:12-07,3.3,5.22
201410122057,2014-10-12 09:03:25-07,3.2,7.62
201410132059,2014-10-13 10:11:02-07,3,4.24
463730,2014-10-12 20:27:17-07,3.25,13.52
201410132008,2014-10-12 18:44:30-07,3.2,7.71
201410132029,2014-10-13 01:58:19-07,3.1,5
201410132040,2014-10-13 05:24:54-07,3.2,5
201410142052,2014-10-14 11:32:48-07,3.1,101.2
201410142050,2014-10-14 11:28:32-07,3.1,4.53
201410172012,2014-10-16 21:48:51-07,3.3,81.8
201410162005,2014-10-15 18:14:15-07,3.1,0
201410172027,2014-10-17 01:49:37-07,3.1,7.75
201410202046,2014-10-20 08:35:29-07,3,3.76
201410202063,2014-10-20 13:34:16-07,3.5,4.83
201410222076,2014-10-22 16:48:07-07,3.3,5.9
201410222052,2014-10-22 08:58:22-07,3.5,6.91
201410252036,2014-10-25 05:36:15-07,3.1,5
201410252047,2014-10-25 10:10:54-07,3.2,6.82
201410252055,2014-10-25 13:21:10-07,3.1,5
201410262050,2014-10-26 11:23:10-07,3.4,5
201410292002,2014-10-28 17:29:08-07,3.1,2.99
201410302018,2014-10-30 08:16:33-07,3.9,0
201410292036,2014-10-29 09:53:31-07,3.2,5.95
201411012012,2014-10-31 23:03:16-07,3,5
201411022011,2014-11-01 20:22:23-07,3.5,60.5
201411022005,2014-11-01 17:58:36-07,3.1,3.65
201411022064,2014-11-02 09:39:27-08,3.1,16.1
201411022043,2014-11-02 03:58:21-08,3,1.01
201411032068,2014-11-03 08:43:57-08,3.4,3.9
201411032024,2014-11-02 21:58:29-08,3,5.94
201411032088,2014-11-03 14:16:50-08,3,4.91
201411052013,2014-11-04 20:45:30-08,3.5,0.57
201411052019,2014-11-04 23:14:46-08,3,2.26
201411052068,2014-11-05 07:18:26-08,3.9,3.6
201411052046,2014-11-05 02:07:27-08,3.2,8.09
201411062008,2014-11-05 17:35:02-08,3.2,10.67
201411042071,2014-11-04 15:13:50-08,3.2,6.26
201411052006,2014-11-04 18:05:38-08,3,5
201411062049,2014-11-06 04:15:33-08,3.6,0
466470,2014-11-06 05:43:00-08,3.11,0
201411072087,2014-11-07 12:08:51-08,3.2,5.88
201411082011,2014-11-07 17:47:43-08,3,1.59
201411082038,2014-11-08 01:28:00-08,3,5.26
201411082041,2014-11-08 02:10:18-08,3,6.37
201411092002,2014-11-08 16:35:15-08,3.3,11.19
201411092055,2014-11-09 10:39:54-08,3.1,5
201411102055,2014-11-10 06:11:12-08,3.5,2.29
201411102062,2014-11-10 08:18:17-08,3.1,0
201411112040,2014-11-11 04:57:10-08,3.3,0.34
201411112045,2014-11-11 06:09:41-08,3.5,5.17
201411112050,2014-11-11 07:16:30-08,3.3,3.31
201411122065,2014-11-12 13:40:00-08,4.9,4.03
201411112075,2014-11-11 15:17:11-08,3,6.81
201411122064,2014-11-12 13:37:11-08,3.1,5.37
72346396,2014-11-14 01:42:45-08,3.18,7.69
201411142035,2014-11-14 02:00:23-08,3.3,169.8
201411132059,2014-11-13 09:29:30-08,3.1,0
201411132005,2014-11-12 17:28:31-08,3.6,3.08
201411152085,2014-11-15 02:18:13-08,3.8,6.4
201411152105,2014-11-15 05:39:57-08,3.4,6.2
201411162035,2014-11-16 00:59:12-08,3.2,5
201411162030,2014-11-15 23:26:40-08,3.4,4.74
201411172010,2014-11-16 18:21:01-08,3.1,5.57
201411162092,2014-11-16 14:41:49-08,3.3,2.81
201411172097,2014-11-17 12:40:52-08,3,5
201411182094,2014-11-18 13:43:55-08,3.4,5
72350151,2014-11-19 22:21:27-08,3.64,5.92
201411202041,2014-11-20 10:04:32-08,3,5.08
201411202027,2014-11-20 02:25:31-08,3.8,5
201411222044,2014-11-22 11:33:00-08,3.2,82.6
468795,2014-11-21 02:12:29-08,3,2
201411212037,2014-11-21 05:03:42-08,3.3,5.47
201411212043,2014-11-21 06:56:17-08,3,4.46
201411232005,2014-11-22 19:15:47-08,3.3,2.83
201411222007,2014-11-21 18:53:04-08,3,1.13
201411232056,2014-11-23 13:59:40-08,3.1,4.98
201411252026,2014-11-25 01:19:18-08,3.5,11.86
201411262031,2014-11-26 06:56:40-08,3.3,5.31
469953,2014-11-29 03:30:07-08,3.35,10.93
201411302008,2014-11-29 21:52:23-08,3.4,2.81
201411302009,2014-11-29 22:59:56-08,3.8,7.85
201412012024,2014-11-30 21:57:37-08,4.7,5
201412012051,2014-12-01 09:57:28-08,3.3,8.5
201412012029,2014-11-30 23:44:06-08,3,5
201412022058,2014-12-02 12:10:48-08,3.4,11.4
201412032011,2014-12-02 19:13:54-08,3,5.55
201412022036,2014-12-02 04:40:13-08,3,7.78
201412022032,2014-12-02 04:04:29-08,3.4,7.1
201412032036,2014-12-03 05:33:33-08,3.7,6.66
201412042045,2014-12-04 03:59:43-08,3.1,4.46
201412042040,2014-12-04 01:47:43-08,3.1,5
201412042033,2014-12-03 22:39:43-08,3.2,5
201412042038,2014-12-04 00:38:29-08,3,7.67
201412052055,2014-12-05 08:22:07-08,3,148.9
201412072001,2014-12-06 16:12:34-08,3.4,111.2
201412062023,2014-12-05 23:04:22-08,3.2,5.8
201412082039,2014-12-08 06:15:54-08,3.3,4.17
201412072073,2014-12-07 12:57:22-08,3,5
201412092021,2014-12-08 22:28:33-08,3.7,6.04
201412102019,2014-12-09 22:39:25-08,3.1,5.65
201412102031,2014-12-10 02:09:13-08,3.1,4.87
201412102055,2014-12-10 08:47:45-08,3,5.32
201412122052,2014-12-12 11:48:36-08,3.3,5.09
201412142014,2014-12-13 21:01:42-08,3,6.57
201412142055,2014-12-14 09:26:51-08,3.8,6.43
201412142064,2014-12-14 13:07:13-08,3.1,6.65
201412142065,2014-12-14 13:18:20-08,4,4.68
201412182029,2014-12-18 04:10:58-08,3.4,26.7
201412172038,2014-12-17 11:38:15-08,3.4,7.72
201412192068,2014-12-19 08:40:24-08,3.3,4.9
201412192044,2014-12-19 05:32:58-08,3,11.33
201412192043,2014-12-19 05:18:08-08,3.3,4.47
201412222039,2014-12-21 23:45:07-08,3.5,6.02
201412212052,2014-12-21 07:44:05-08,3.3,1.49
201412232005,2014-12-22 17:42:00-08,3.5,8.05
201412222045,2014-12-22 03:12:38-08,3,6.16
473581,2014-12-23 23:58:32-08,3.59,8.95
201412232034,2014-12-23 04:33:36-08,3.4,8.59
201412232057,2014-12-23 12:35:28-08,3,5.55
201412262034,2014-12-26 09:12:57-08,3,5
201412272027,2014-12-27 03:17:14-08,3,4.83
201412302048,2014-12-30 10:00:35-08,3.2,34.4
201412292033,2014-12-29 08:15:55-08,3.3,4.87
201402032035,2014-02-03 01:03:21-08,3.6,5
201402152057,2014-02-15 15:20:46-08,3.1,5
201402072058,2014-02-07 12:49:52-08,3,5
201411022047,2014-11-02 05:16:18-08,3.1,6.07
201412022065,2014-12-02 13:57:20-08,3,2.99
201412272025,2014-12-27 00:23:24-08,3.1,2.24
201401222029,2014-01-22 10:45:03-08,3.6,1.26
201404112051,2014-04-11 03:47:46-07,3.2,7.44
201406012012,2014-05-31 20:35:21-07,3.2,1.2
201407152019,2014-07-14 22:00:50-07,3,5
201410062028,2014-10-06 01:10:51-07,3.2,4.44
201410092005,2014-10-08 18:49:17-07,3,4
201410102066,2014-10-10 15:57:22-07,3.3,5
201410172057,2014-10-17 10:01:05-07,3.8,4.6
15526857,2014-07-14 23:07:14-07,3.02,10
37048183,2014-10-06 04:35:21-07,3.68,8.81
72323361,2014-10-08 21:49:57-07,3.05,7.21
72325816,2014-10-12 17:13:50-07,3.6,7.79
72325826,2014-10-12 17:15:50-07,3.08,6.86
72325846,2014-10-12 17:20:54-07,3.54,7.04
72327121,2014-10-14 12:20:09-07,3.06,6.65
72327201,2014-10-14 13:31:47-07,3.42,6.84
72327246,2014-10-14 13:45:05-07,3.06,7.09
72328226,2014-10-15 23:22:27-07,3.21,7.03
37279904,2014-10-17 06:03:48-07,3.11,1.59
37282232,2014-10-25 04:07:36-07,3.05,12.94
37282264,2014-10-25 07:31:15-07,3.61,0
72334886,2014-10-28 21:36:35-07,3.59,2.22
37284448,2014-11-01 14:21:43-07,3.35,12.96
37284704,2014-11-03 00:53:35-08,3.29,17.58
201411212045,2014-11-21 07:49:41-08,3.2,14.21
72360741,2014-12-05 18:16:07-08,3.92,6.67
37066951,2014-12-06 04:23:19-08,3.46,3.38
472556,2014-12-17 20:14:31-08,3.25,11.65
37298432,2014-12-22 23:59:01-08,3.06,16.34
37298672,2014-12-23 21:51:51-08,4.19,1.33
37298680,2014-12-23 22:00:11-08,3.56,1.08
37300152,2014-12-29 16:12:02-08,3.47,7.36
11408690,2014-01-01 07:47:16-08,3.02,10.57
72134726,2014-01-02 01:32:27-08,3.25,2.2
11409738,2014-01-03 11:47:59-08,3.01,11.21
72141176,2014-01-12 12:24:46-08,4.53,2.61
72143896,2014-01-14 20:52:35-08,3.2,10.09
72140560,2014-01-15 00:18:14-08,3.03,8.19
11413954,2014-01-15 01:35:18-08,4.43,3.56
11414394,2014-01-15 23:40:06-08,3.63,10.36
11414410,2014-01-16 01:50:03-08,3.19,3.02
434979,2014-01-17 22:37:36-08,3.27,8.68
72142850,2014-01-18 08:35:21-08,3.01,8.87
72143400,2014-01-19 14:47:48-08,3.06,4.03
72143605,2014-01-20 01:32:58-08,3.06,4.85
72144240,2014-01-21 03:11:11-08,3.74,2.51
11418122,2014-01-27 04:42:38-08,3.19,16.42
11418410,2014-01-27 15:35:33-08,3.39,7.43
11420386,2014-02-02 22:59:18-08,3.07,15.3
11420690,2014-02-03 21:31:19-08,3.59,13.13
72156066,2014-02-05 01:08:06-08,3.06,5.37
72167161,2014-02-14 07:07:23-08,3.2,10.25
37189912,2014-02-19 16:34:41-08,3.68,3.53
72172021,2014-02-21 01:03:02-08,3.08,30.41
15472201,2014-03-04 14:42:55-08,3.29,7.13
15472217,2014-03-04 14:49:32-08,3.78,6.61
15472225,2014-03-04 14:51:03-08,3.01,6.75
15472609,2014-03-05 01:17:01-08,3.07,6.59
72179616,2014-03-05 16:55:55-08,3.13,9.77
15473569,2014-03-07 09:58:31-08,3.13,7.19
15473729,2014-03-07 20:16:31-08,3.13,9.76
15474201,2014-03-09 11:59:48-07,3.13,3.38
15475329,2014-03-12 19:11:04-07,4.39,0.21
15476409,2014-03-15 08:12:19-07,3.92,8.96
15476793,2014-03-16 14:55:33-07,3.47,4.02
15476961,2014-03-17 06:25:36-07,4.39,9.46
72186040,2014-03-21 11:17:00-07,3.14,9.3
15480609,2014-03-26 16:50:53-07,3.15,3.19
15481105,2014-03-27 21:15:29-07,3.44,0.66
15481633,2014-03-28 20:03:39-07,3.57,7.46
15481673,2014-03-28 21:09:42-07,5.1,4.77
15481681,2014-03-28 21:11:53-07,3.2,2.18
15481777,2014-03-28 21:30:51-07,3.64,4.1
15481969,2014-03-28 22:37:14-07,3.08,4.28
15482817,2014-03-29 09:02:06-07,3.42,3.84
15483001,2014-03-29 14:32:45-07,4.14,9.42
15483377,2014-03-29 22:51:22-07,3.3,1.79
15483393,2014-03-29 23:17:31-07,3.12,1.75
72191860,2014-03-31 23:41:34-07,3.27,6.72
72192395,2014-04-02 09:27:05-07,3.34,7.54
15485145,2014-04-03 10:08:01-07,3.06,11.69
72193350,2014-04-03 21:04:54-07,3.63,8.22
15487297,2014-04-08 12:06:19-07,3.01,10.46
37210760,2014-04-11 16:53:15-07,3.17,8.71
37214496,2014-04-19 05:15:13-07,4.24,0.1
37214944,2014-04-19 22:12:18-07,3.14,3.59
37217280,2014-04-25 12:26:08-07,3.3,5.31
37220384,2014-05-06 03:48:19-07,3.51,5.19
72216881,2014-05-06 14:39:50-07,3.29,2.67
15499025,2014-05-07 23:39:24-07,3.32,13.94
15499489,2014-05-08 21:49:33-07,3.09,19.16
72214810,2014-05-09 00:25:15-07,3.24,7.39
72216275,2014-05-11 18:14:43-07,3.67,7.46
15503377,2014-05-19 13:08:51-07,3.84,7.53
15506089,2014-05-27 12:30:51-07,3.03,3.7
447794,2014-05-30 00:48:33-07,3.99,5.21
15507801,2014-06-01 19:36:43-07,4.16,4.36
72231481,2014-06-03 01:53:42-07,3.5,4.3
15509041,2014-06-05 06:19:40-07,3.12,9.38
15510833,2014-06-11 02:38:05-07,3.99,2.16
72236406,2014-06-11 17:38:35-07,3.38,13.31
15511521,2014-06-13 06:35:19-07,3.47,12.81
15511897,2014-06-13 23:41:13-07,3.19,11.01
15512169,2014-06-14 21:30:26-07,3.01,2.88
37233224,2014-06-17 16:57:47-07,3.3,0.04
72239586,2014-06-17 17:31:53-07,3.04,10.34
72243056,2014-06-24 20:56:51-07,3.13,8.75
72243256,2014-06-25 03:12:22-07,3.06,9.46
72243371,2014-06-25 07:34:56-07,3.32,7.76
72243461,2014-06-25 10:00:26-07,3.2,24.11
72243471,2014-06-25 10:02:52-07,3.01,10.5
72243551,2014-06-25 15:01:36-07,3.37,9.28
37236856,2014-06-27 08:17:23-07,3.78,3.72
37237048,2014-06-27 23:06:15-07,3.03,7.28
37237584,2014-06-29 21:30:55-07,3.1,4.53
37238128,2014-07-01 02:04:43-07,3.03,5.06
37238872,2014-07-02 11:32:17-07,3.1,4.76
15519497,2014-07-03 16:50:27-07,3.12,1.76
15520985,2014-07-05 09:59:34-07,4.58,8.67
15520993,2014-07-05 10:00:26-07,3.39,9.51
15521265,2014-07-05 12:05:46-07,3.01,4.63
15521601,2014-07-05 17:54:56-07,3.4,4.65
15522785,2014-07-07 01:51:05-07,3.03,8.61
72249120,2014-07-07 22:31:15-07,3.07,6.86
15523545,2014-07-08 05:31:46-07,3.2,1.88
451416,2014-07-09 00:04:47-07,3.76,10.93
15524489,2014-07-09 14:48:04-07,3.19,2.87
15524873,2014-07-10 13:41:43-07,3.22,15.44
451655,2014-07-11 10:25:01-07,3.36,9.1
72253275,2014-07-13 10:23:56-07,3.31,5.23
72257961,2014-07-15 14:09:34-07,3.17,4.73
72257966,2014-07-15 14:10:09-07,3.26,4.09
15527617,2014-07-17 07:24:34-07,3.37,13.9
37248544,2014-07-20 02:18:21-07,3.09,6.6
37248768,2014-07-20 12:43:22-07,3.24,2.55
37248784,2014-07-20 12:48:38-07,3,0.69
15530681,2014-07-24 12:20:14-07,3.52,8.78
72266491,2014-07-28 13:01:14-07,3.22,19.29
72272361,2014-08-05 05:40:01-07,3.03,8.21
15535825,2014-08-07 14:45:53-07,3.25,14.79
72270370,2014-08-08 09:48:23-07,3.44,10.96
15536505,2014-08-09 09:46:29-07,3.17,11.9
15538561,2014-08-14 20:57:18-07,3.8,9.74
37259096,2014-08-17 21:55:56-07,3.67,7.56
72281046,2014-08-20 21:33:49-07,3.84,8.47
72282711,2014-08-24 03:20:44-07,6.02,11.25
71086369,2014-08-24 03:21:10-07,4.38,0.93
72282716,2014-08-24 03:21:45-07,3.81,9.09
72282751,2014-08-24 03:24:44-07,3.47,10.5
72283201,2014-08-24 05:47:12-07,3.6,8.47
72287496,2014-08-29 16:32:05-07,3.41,6.22
72288561,2014-08-31 01:56:20-07,3.24,9.56
72289721,2014-09-01 09:10:37-07,3.36,5.56
37264024,2014-09-02 19:38:35-07,3.64,13.63
37265672,2014-09-07 21:18:56-07,3.64,14.16
72294261,2014-09-07 23:10:57-07,3.09,4.16
37266216,2014-09-09 09:08:30-07,3.34,6.13
72295271,2014-09-09 11:17:57-07,3.58,6.21
459043,2014-09-10 17:08:42-07,3.25,8.9
37267296,2014-09-12 05:20:04-07,3.3,10.52
72298936,2014-09-14 13:17:46-07,3.55,8.31
37268056,2014-09-14 15:16:55-07,3.04,12.98
37268088,2014-09-14 17:56:56-07,3.18,9.61
37042559,2014-09-19 17:33:21-07,3.1,1.62
72306936,2014-09-25 17:30:09-07,3.16,6.61
72307491,2014-09-25 20:32:45-07,3.54,6.16
72307731,2014-09-25 21:21:19-07,3.52,5.71
71086539,2014-09-25 21:21:28-07,3.53,6.43
72308346,2014-09-25 22:46:24-07,3.03,6.35
72316031,2014-09-28 13:45:13-07,4.43,7.64
72320511,2014-10-04 08:45:08-07,3.93,3.83
72322146,2014-10-06 21:03:24-07,3.06,37.96
37278104,2014-10-11 14:02:44-07,3.16,12.39
37278432,2014-10-12 13:16:04-07,3.3,9.53
72337305,2014-11-07 22:21:27-08,3.21,2.46
72339590,2014-11-11 00:35:32-08,3.85,6.08
72350156,2014-11-19 22:26:49-08,4.23,6.59
470559,2014-12-03 23:37:33-08,3.34,6.33
37066415,2014-12-04 08:53:21-08,3.56,15.51
72360116,2014-12-04 11:28:37-08,3.19,4.15
72361051,2014-12-06 07:06:02-08,3.32,11.68
470961,2014-12-06 16:39:25-08,3.2,6.84
37067415,2014-12-07 04:59:05-08,3.09,5.71
72364941,2014-12-14 22:10:43-08,3.41,11.58
472271,2014-12-15 19:33:53-08,3.09,10.82
37300496,2014-12-30 22:27:41-08,3.11,9
201403100626,2014-03-09 23:26:45-07,3,2.54
60940797,2014-12-19 06:01:06-08,3.15,24.74
60675057,2014-01-24 05:53:28-08,3.83,5
60733657,2014-04-06 20:33:12-07,3.32,19.45
201401022059,2014-01-02 12:49:24-08,3.4,130.7
201401032039,2014-01-03 06:25:20-08,3.5,65.7
201401052052,2014-01-05 14:57:04-08,3.1,147.4
201401062001,2014-01-05 16:11:34-08,3,45.7
201401102015,2014-01-09 20:17:37-08,4,42.7
201401132002,2014-01-12 17:26:16-08,3.9,72
201401132005,2014-01-12 18:26:22-08,3,155.7
201401132019,2014-01-12 20:30:19-08,3.5,1.9
70234014,2014-01-16 04:55:15-08,3.5,3.13
201401182030,2014-01-17 22:48:10-08,3,67.7
201401202024,2014-01-20 05:30:08-08,3.7,77.2
201401212014,2014-01-21 06:29:21-08,3.2,8.5
201401212016,2014-01-21 06:57:04-08,4.5,42.3
201401222025,2014-01-22 09:57:07-08,3,132
60707156,2014-01-22 18:05:18-08,3.04,3
70238909,2014-01-25 14:58:13-08,3.01,16.11
201401262002,2014-01-25 17:01:51-08,3.1,5
201401272021,2014-01-27 09:39:02-08,4.5,142.9
201402012059,2014-02-01 09:30:11-08,3.2,60.8
201402022043,2014-02-02 01:04:51-08,4.1,113.3
201402022044,2014-02-02 01:23:02-08,3.8,14.3
201402032039,2014-02-03 01:43:06-08,3.6,84.6
201402052003,2014-02-04 16:57:25-08,3.2,140.5
201402052014,2014-02-04 20:31:42-08,3.2,14.3
201402072051,2014-02-07 11:59:53-08,3,99
201402092032,2014-02-09 03:05:55-08,3.6,14.1
201402102005,2014-02-09 18:44:47-08,3.9,5.3
201402152035,2014-02-15 07:22:59-08,3.4,5
201402162025,2014-02-16 03:25:38-08,3,127.7
201402172008,2014-02-16 19:26:40-08,4,78.8
201402182003,2014-02-17 17:34:27-08,3.2,121.6
201402202010,2014-02-19 18:57:34-08,3.4,24
201402202035,2014-02-20 13:36:26-08,3.4,62.9
201402232037,2014-02-23 06:47:46-08,3.2,18.1
201402242027,2014-02-24 05:32:25-08,3,112
201402242042,2014-02-24 10:36:03-08,3.3,58.5
201402272014,2014-02-27 10:41:58-08,3.4,122
201403012048,2014-03-01 12:22:20-08,3.2,163.1
201403042013,2014-03-03 21:02:38-08,3.6,124.1
201403052007,2014-03-04 19:13:19-08,4.3,36.6
201403062027,2014-03-06 05:51:32-08,3.9,20.2
201403082019,2014-03-07 21:14:06-08,3.7,10
201403112047,2014-03-11 08:11:29-07,3,1
201403112069,2014-03-11 16:06:55-07,4,129
201403122003,2014-03-11 18:45:24-07,3.1,167.2
201403142002,2014-03-13 18:14:36-07,3.3,117
201403152050,2014-03-15 06:08:58-07,4.4,67.9
201403152053,2014-03-15 06:33:00-07,3.1,14.6
201403182014,2014-03-18 00:43:22-07,3.2,142.8
201403252050,2014-03-25 15:26:19-07,3.6,15.7
201403292022,2014-03-29 00:19:35-07,3.5,91.2
201404032051,2014-04-03 00:39:06-07,3.4,1
201404032070,2014-04-03 03:15:29-07,3.1,76.9
201404062043,2014-04-06 09:55:04-07,4.4,157.4
201404132129,2014-04-13 08:47:02-07,3.3,58.8
201404162040,2014-04-16 13:24:24-07,5,76.2
201404182058,2014-04-18 11:44:18-07,5.6,23.4
201404182059,2014-04-18 11:52:12-07,3.7,20.2
201404182060,2014-04-18 11:53:04-07,3.8,16.5
201404182062,2014-04-18 11:56:46-07,5.6,11.75
201404182064,2014-04-18 12:00:58-07,3.9,33.01
201404182067,2014-04-18 12:15:11-07,3.2,20
201404182072,2014-04-18 13:11:28-07,3,11.8
201404182074,2014-04-18 13:28:24-07,3.7,18.4
201404182075,2014-04-18 13:34:52-07,3.8,3.6
201404182076,2014-04-18 13:51:38-07,3.2,28.8
201404182080,2014-04-18 14:38:50-07,4.3,15.9
201404182083,2014-04-18 15:40:51-07,3,14.5
201404182084,2014-04-18 15:52:17-07,3,9.9
201404182085,2014-04-18 16:04:05-07,4.3,0.1
201404192015,2014-04-18 23:26:06-07,4,8.2
201404192029,2014-04-19 01:49:01-07,4.6,17.5
201404192032,2014-04-19 04:31:09-07,4.3,27.6
201404192033,2014-04-19 04:31:43-07,4.6,35.83
201404192035,2014-04-19 04:51:50-07,3.8,20.7
201404192036,2014-04-19 04:53:35-07,3.7,21.6
201404192039,2014-04-19 05:20:20-07,3.6,17.4
201404192076,2014-04-19 15:12:08-07,3.6,5.1
201404192077,2014-04-19 15:12:59-07,3.6,19.1
201404192082,2014-04-19 16:31:52-07,3,16.8
201404202022,2014-04-19 21:50:32-07,3,21
201404202030,2014-04-20 02:40:27-07,3.5,125.2
201404212013,2014-04-21 04:47:07-07,3.7,136.4
201404252012,2014-04-24 23:40:03-07,4.6,0.2
201404252026,2014-04-25 01:51:44-07,3.1,30.1
201404252029,2014-04-25 05:42:28-07,3,12.9
201404252041,2014-04-25 16:07:14-07,3.4,29.2
201404262011,2014-04-25 23:11:59-07,4.1,25
201404262040,2014-04-26 16:10:34-07,3.1,112.3
201404292018,2014-04-29 12:56:04-07,3,8.71
201405012010,2014-04-30 23:15:56-07,3.1,69.9
201405032025,2014-05-03 01:57:12-07,5.7,0.9
201405032026,2014-05-03 02:03:51-07,3.6,17.5
201405032027,2014-05-03 02:05:51-07,3.4,29.6
201405032030,2014-05-03 02:21:34-07,3.3,12.1
201405032037,2014-05-03 02:47:47-07,3.6,22.6
201405032039,2014-05-03 02:51:07-07,5,26.8
201405032041,2014-05-03 02:54:19-07,4.4,26.1
201405032042,2014-05-03 02:57:08-07,4.8,29.5
201405032044,2014-05-03 03:02:06-07,3.1,23.8
201405032045,2014-05-03 03:09:45-07,4.1,10.9
201405032046,2014-05-03 03:11:24-07,4.3,25.7
201405032048,2014-05-03 03:15:32-07,3.6,18.9
201405032051,2014-05-03 03:40:52-07,4.2,22
201405032053,2014-05-03 04:19:09-07,4.4,9.1
201405032056,2014-05-03 04:54:33-07,4.2,24.5
201405032057,2014-05-03 05:06:30-07,3.1,24
201405032059,2014-05-03 05:29:11-07,4,10
201405032080,2014-05-03 10:15:28-07,3.6,27.4
201405032081,2014-05-03 10:31:19-07,3.2,9.2
201405032083,2014-05-03 11:48:08-07,3.6,20
201405032094,2014-05-03 16:35:52-07,3.1,18.8
201405042027,2014-05-04 02:10:36-07,3.1,8.8
201405042071,2014-05-04 13:17:44-07,3.6,13.3
201405052006,2014-05-04 18:13:33-07,3.4,28.4
201405052024,2014-05-04 21:39:17-07,3,35
201405052025,2014-05-04 21:59:44-07,4.5,38
201405052052,2014-05-05 04:59:14-07,4.6,19.02
201405052055,2014-05-05 05:12:35-07,4.5,22.5
201405052056,2014-05-05 05:16:00-07,4.2,25.8
201405052062,2014-05-05 05:38:06-07,3.1,16.4
201405052064,2014-05-05 05:48:02-07,3.1,21.5
201405052073,2014-05-05 06:45:19-07,3,14.5
201405052086,2014-05-05 10:29:50-07,3.9,14.2
201405052103,2014-05-05 15:48:36-07,3,22.7
201405062026,2014-05-05 22:25:00-07,3.1,2.5
201405062080,2014-05-06 08:08:21-07,3,71.4
201405072007,2014-05-06 20:31:04-07,3.3,25.4
201405082027,2014-05-08 02:00:24-07,3.2,16.5
201405082034,2014-05-08 05:04:18-07,3,10.9
201405092005,2014-05-08 19:40:35-07,3,18.8
201405092016,2014-05-08 23:02:07-07,4.1,9.5
201405092023,2014-05-09 00:56:42-07,3.1,123.3
201405102032,2014-05-10 05:12:28-07,3,5.8
201405112028,2014-05-11 03:51:58-07,4.3,22.3
201405112033,2014-05-11 05:07:49-07,3.2,17.6
201405112038,2014-05-11 05:50:05-07,3.2,19.8
201405112040,2014-05-11 06:22:12-07,3.2,24.4
201405112061,2014-05-11 14:49:23-07,3,5.1
201405122040,2014-05-12 05:00:46-07,3.2,129.5
201405122058,2014-05-12 11:18:24-07,4.1,28.2
201405122066,2014-05-12 15:51:04-07,4.2,7.5
201405122070,2014-05-12 16:52:29-07,3.2,15.7
201405162005,2014-05-15 19:27:17-07,4.1,1.7
201405162007,2014-05-15 19:58:24-07,3,7.8
201405192030,2014-05-19 13:01:15-07,3.2,2.2
201405202015,2014-05-20 00:59:46-07,3,124.1
201405222024,2014-05-22 16:41:43-07,3.7,20.8
201405232014,2014-05-23 00:05:21-07,3.3,39.7
201405242043,2014-05-24 15:02:17-07,3,11.9
201405292013,2014-05-29 09:06:48-07,3.2,6.1
201405302013,2014-05-29 23:27:32-07,4.8,14.9
201406012048,2014-06-01 05:01:49-07,3.2,19.9
201406022049,2014-06-02 13:32:14-07,4.3,14.9
201406032006,2014-06-02 21:08:33-07,4.5,12.3
201406032039,2014-06-03 09:27:14-07,3.2,14.8
201406042015,2014-06-04 04:07:30-07,3.5,10.5
201406042018,2014-06-04 04:58:58-07,5.7,12
201406042019,2014-06-04 05:02:25-07,3.6,1.9
201406042020,2014-06-04 05:03:24-07,3.4,10
201406042036,2014-06-04 11:42:12-07,3.2,5.28
201406052034,2014-06-05 07:30:17-07,3.3,4.6
201406052035,2014-06-05 07:41:14-07,3.9,79.4
201406062032,2014-06-06 00:39:01-07,3,206.2
201406072006,2014-06-06 20:14:00-07,4.5,12.06
201406072007,2014-06-06 20:16:58-07,3.2,8.5
201406072011,2014-06-06 20:35:23-07,3.1,21.3
201406072022,2014-06-06 21:43:32-07,5.8,4
201406072023,2014-06-06 21:46:18-07,4,9.8
201406072024,2014-06-06 21:47:19-07,4.7,5.98
201406072026,2014-06-06 21:53:21-07,3,8.6
201406072036,2014-06-06 22:21:20-07,3.1,15.1
201406072039,2014-06-06 23:12:19-07,3.7,17.7
201406072045,2014-06-07 00:07:49-07,3.6,20.5
201406072055,2014-06-07 01:48:43-07,3,17.9
201406072056,2014-06-07 01:59:11-07,3.5,20.7
201406072059,2014-06-07 02:30:39-07,3.1,5.1
201406072061,2014-06-07 04:53:09-07,3,23
201406072074,2014-06-07 15:18:44-07,3.1,15.9
201406082004,2014-06-07 19:23:31-07,4.2,26.5
201406082047,2014-06-08 14:04:16-07,3.2,17.2
201406102021,2014-06-10 07:56:01-07,3.1,26.2
201406112010,2014-06-10 20:51:31-07,3.1,94.7
201406122006,2014-06-11 20:00:19-07,4.2,137.2
201406152014,2014-06-15 05:24:13-07,3.1,20.1
201406162002,2014-06-15 20:22:35-07,3.1,14.4
201406162017,2014-06-16 05:01:08-07,5.5,10
201406162018,2014-06-16 05:10:38-07,3.1,31.4
201406162024,2014-06-16 05:56:51-07,4.4,12.16
201406172014,2014-06-17 01:16:49-07,3.2,6.7
201406172015,2014-06-17 01:53:34-07,3.3,2.8
201406172016,2014-06-17 02:03:48-07,4.3,103.54
201406202001,2014-06-19 17:30:44-07,4.3,20.9
201406202002,2014-06-19 17:42:13-07,3.1,6.3
201406202003,2014-06-19 18:06:22-07,4.4,81.1
201406232059,2014-06-23 15:29:51-07,5.9,103.07
201406232066,2014-06-23 15:47:53-07,4.9,117.55
201406242025,2014-06-24 00:16:30-07,3.2,154.5
201406242029,2014-06-24 01:09:37-07,3.9,108.3
201407012025,2014-07-01 00:12:54-07,3.1,23.6
201407012054,2014-07-01 06:37:21-07,3.3,5
201407022009,2014-07-01 20:10:33-07,3.5,17.1
201407032017,2014-07-02 21:43:42-07,5.2,115.21
201407032034,2014-07-03 01:23:49-07,3.2,41.3
201407072047,2014-07-07 05:12:53-07,3.1,1
201407082048,2014-07-08 07:43:32-07,4.8,118.2
201407112048,2014-07-11 06:42:16-07,3.6,70.5
201407132066,2014-07-13 12:24:21-07,3.2,129.4
201407132077,2014-07-13 16:01:31-07,3.3,17.2
201407142014,2014-07-13 23:04:10-07,3,11.5
201407172014,2014-07-16 20:48:04-07,3.1,137
201407172088,2014-07-17 16:54:28-07,3,44.2
201407182009,2014-07-17 19:00:44-07,4,8.9
201407182010,2014-07-17 19:01:45-07,4.4,21.2
201407182011,2014-07-17 19:03:15-07,4.4,10.9
201407182013,2014-07-17 19:29:24-07,3,7
201407182017,2014-07-17 20:42:35-07,3.5,16.4
201407182020,2014-07-17 21:29:35-07,3.6,8.5
201407182021,2014-07-17 21:31:53-07,3.7,21.7
201407182027,2014-07-17 22:33:26-07,4.7,13.4
201407182054,2014-07-18 07:04:45-07,3.9,1.1
201407192028,2014-07-19 01:42:28-07,3.1,24.4
201407192055,2014-07-19 10:06:39-07,3.2,19.3
201407212030,2014-07-21 05:21:23-07,3.3,24.2
201407212033,2014-07-21 06:21:44-07,3.3,121.5
201407212046,2014-07-21 10:32:36-07,3,10.6
201407222002,2014-07-21 17:45:34-07,3.1,19.3
201407222060,2014-07-22 13:50:14-07,3.7,74.6
201407252030,2014-07-25 04:19:36-07,4.4,10
201407252053,2014-07-25 09:43:24-07,4.4,18.8
201407252058,2014-07-25 11:28:53-07,3.5,17.2
201407262054,2014-07-26 06:49:37-07,3,130.2
201407272002,2014-07-26 18:27:12-07,3.6,27.9
201407292023,2014-07-29 06:34:53-07,3.3,35.7
201407292044,2014-07-29 15:17:37-07,3.4,137.9
201407302009,2014-07-30 05:16:39-07,3.3,25.3
201407302011,2014-07-30 05:39:57-07,3,119.2
201407302020,2014-07-30 08:15:27-07,3.4,17.9
201407302021,2014-07-30 08:20:27-07,3.2,21.2
201407302035,2014-07-30 16:09:24-07,3.1,59.2
201407312003,2014-07-30 17:59:37-07,3.9,125.5
201407312016,2014-07-31 14:51:53-07,3.1,128.7
201408022016,2014-08-01 23:30:59-07,3.3,20.8
201408022058,2014-08-02 11:52:52-07,3.1,14.8
201408032008,2014-08-02 18:03:21-07,3.1,105.4
201408092049,2014-08-09 14:06:03-07,3.1,5.6
201408112031,2014-08-11 01:46:55-07,3.9,10.6
201408122032,2014-08-12 08:37:23-07,3.2,130.7
201408132007,2014-08-12 19:09:37-07,3.5,10
201408132011,2014-08-12 20:06:02-07,3.2,222.9
201408142028,2014-08-14 03:43:56-07,3.7,18
201408142061,2014-08-14 15:09:17-07,4.9,116.82
201408192043,2014-08-19 03:11:22-07,4.1,131.9
201408202002,2014-08-19 17:22:31-07,3.8,101.8
201408212013,2014-08-20 20:41:01-07,3.5,110.9
201408212040,2014-08-21 04:49:43-07,3.1,107
201408222019,2014-08-21 22:13:39-07,4.1,14.5
201408232009,2014-08-22 22:04:40-07,3.7,53.7
201408232015,2014-08-23 03:55:02-07,3.1,37.7
201408232021,2014-08-23 06:24:34-07,3.2,10.8
201408312026,2014-08-31 05:24:58-07,4.1,16.6
201409012011,2014-08-31 19:10:34-07,3.3,14.8
201409012050,2014-09-01 11:32:05-07,4.2,86.3
201409012058,2014-09-01 13:35:55-07,3.5,109
201409022018,2014-09-02 04:18:23-07,3,80.2
201409042011,2014-09-03 21:13:33-07,3,20.4
201409052043,2014-09-05 11:29:52-07,3.7,175.5
201409092074,2014-09-09 16:59:55-07,3.4,6.9
201409102030,2014-09-10 03:43:31-07,3,66.7
201409102051,2014-09-10 09:01:48-07,4,3.7
201409112037,2014-09-11 05:36:11-07,3.6,15.6
201409152010,2014-09-14 20:44:05-07,3.2,1.1
201409152041,2014-09-15 06:03:57-07,3.1,74.4
201409162014,2014-09-16 02:05:19-07,4.1,18.8
201409162065,2014-09-16 16:56:47-07,3.2,8.5
201409182017,2014-09-17 21:36:30-07,3.1,12.7
201409192009,2014-09-18 20:15:07-07,3.2,18.4
201409192053,2014-09-19 13:08:13-07,4,153.5
201409232045,2014-09-23 12:39:33-07,3.5,1
201409242021,2014-09-24 00:30:56-07,4.4,39.82
201409252045,2014-09-25 10:51:17-07,6.2,104
201409262003,2014-09-25 17:29:06-07,3.2,92.9
201409262034,2014-09-26 05:09:18-07,3.6,99.2
201409262037,2014-09-26 07:55:50-07,3,10.3
201409272008,2014-09-26 20:53:11-07,4.9,45.3
201409272016,2014-09-27 01:30:15-07,3,18
201409272038,2014-09-27 08:58:16-07,3,6.2
201409302020,2014-09-30 00:51:30-07,3.2,4.2
201409302022,2014-09-30 01:10:41-07,3,163.5
201410012018,2014-09-30 23:30:28-07,3.5,138.1
201410012022,2014-10-01 01:50:30-07,3.1,41.2
201410022064,2014-10-02 14:33:15-07,4.3,123.6
201410032073,2014-10-03 12:42:02-07,3.2,71
201410032090,2014-10-03 16:35:51-07,3.3,20
201410052017,2014-10-05 01:02:26-07,3.2,20
201410062053,2014-10-06 08:55:51-07,3.9,65
201410072031,2014-10-07 02:41:27-07,3.1,42.4
201410082058,2014-10-08 11:57:44-07,3,91.7
201410182016,2014-10-17 22:32:05-07,4.5,65.3
201410182017,2014-10-17 22:36:57-07,3.9,65.1
201410182021,2014-10-17 23:10:39-07,3.1,64.5
201410202064,2014-10-20 14:22:53-07,3.4,1
201410212003,2014-10-20 17:36:58-07,4.7,12.8
201410212010,2014-10-20 20:17:31-07,3.5,31.3
201410212012,2014-10-20 21:00:17-07,3.5,27.1
201410212017,2014-10-20 21:41:45-07,3.8,134.8
201410222023,2014-10-22 02:45:31-07,3.5,18.2
201410232043,2014-10-23 09:30:24-07,4.9,10.83
201410232045,2014-10-23 10:25:23-07,3.4,15.5
201410252022,2014-10-25 01:13:08-07,3.2,65.4
201410252040,2014-10-25 07:34:53-07,3,148.7
201410262043,2014-10-26 04:40:47-07,3.1,60
201410272005,2014-10-26 19:02:42-07,3.1,13.2
201410312017,2014-10-31 01:57:17-07,3,36.1
201411012004,2014-10-31 18:20:59-07,3.1,112.2
201411022024,2014-11-02 00:18:34-07,4.4,120.5
201411052072,2014-11-05 08:03:51-08,4.6,2.2
201411052100,2014-11-05 15:45:32-08,3.7,2.8
201411062013,2014-11-05 19:13:01-08,3.1,60.7
201411062061,2014-11-06 07:46:55-08,4.2,150.5
201411062096,2014-11-06 15:30:47-08,3.6,12.8
201411072002,2014-11-06 16:11:31-08,3.4,10
201411072054,2014-11-07 03:25:54-08,3.4,43.5
201411082053,2014-11-08 04:54:39-08,3.1,14.3
201411082055,2014-11-08 06:00:09-08,3.6,60.2
201411102075,2014-11-10 13:22:08-08,3.1,6.5
201411102078,2014-11-10 13:44:56-08,3.6,2.5
201411112048,2014-11-11 06:54:08-08,3,90.1
201411112057,2014-11-11 09:47:37-08,3.3,144.9
201411162067,2014-11-16 06:38:58-08,3,179.1
201411172013,2014-11-16 19:52:20-08,3.1,1
201411172063,2014-11-17 06:34:33-08,3,55.8
201411172111,2014-11-17 15:27:05-08,3.6,142.2
201411192060,2014-11-19 05:48:31-08,3.2,66.2
201411232034,2014-11-23 09:32:43-08,4.5,67.9
201411232052,2014-11-23 13:22:29-08,3.2,58.1
201411242035,2014-11-24 06:18:12-08,3,96.3
201411262045,2014-11-26 08:26:40-08,3,7
201411292005,2014-11-28 20:14:15-08,4.9,98.86
201411292029,2014-11-29 13:06:48-08,4.7,68.38
201412012014,2014-11-30 19:33:21-08,3,42
201412012053,2014-12-01 11:41:13-08,3.1,12.6
201412052040,2014-12-05 03:30:13-08,3.4,73.6
201412052047,2014-12-05 05:48:24-08,3.2,120.9
201412052070,2014-12-05 12:44:15-08,3.2,26.5
201412062014,2014-12-05 19:56:53-08,3.4,92.4
201412072045,2014-12-07 03:08:41-08,3.3,132.3
201412092010,2014-12-08 18:20:26-08,3.3,128.7
201412092041,2014-12-09 05:56:37-08,3,17
201412102037,2014-12-10 03:32:02-08,3.3,13.9
201412112004,2014-12-10 16:48:39-08,3,20.1
201412112010,2014-12-10 18:56:28-08,3.1,1.6
201412132046,2014-12-13 07:47:31-08,3.3,12.4
201412132061,2014-12-13 14:30:08-08,3.2,57.3
201412152011,2014-12-14 19:19:38-08,3.1,4.3
201412152021,2014-12-14 21:34:59-08,3.4,138.6
201412182060,2014-12-18 14:05:33-08,3.1,8.7
201412202010,2014-12-19 20:16:09-08,3.2,4.1
201412202018,2014-12-19 22:33:43-08,3.2,144.2
201412202022,2014-12-19 23:32:43-08,3.1,112.4
201412202054,2014-12-20 15:30:38-08,3.1,113.3
201412222037,2014-12-21 23:40:20-08,3.5,119.5
201412222067,2014-12-22 12:44:19-08,3,72.8
201412272040,2014-12-27 09:22:45-08,3.5,47.6
435026,2014-01-18 14:09:04-08,3.14,7.08
201408052014,2014-08-05 01:30:44-07,3.2,0.45
201410122035,2014-10-12 02:34:13-07,3.2,0
466095,2014-11-03 22:20:24-08,3.84,0
201411052079,2014-11-05 09:18:40-08,3.4,1.43
201411062053,2014-11-06 06:07:46-08,3.1,0
201411062059,2014-11-06 07:41:29-08,3.5,0
201411092041,2014-11-09 05:40:47-08,3.6,0
201411092046,2014-11-09 07:22:44-08,3.1,0
201411102083,2014-11-10 14:30:24-08,3.2,0
201411112069,2014-11-11 12:24:58-08,3.1,3.31
201411122038,2014-11-12 06:42:55-08,4.1,1.56
201411122039,2014-11-12 06:45:59-08,3,0
201411132012,2014-11-12 19:25:41-08,3.2,0
201411132019,2014-11-12 21:41:49-08,3.1,0.51
201411132020,2014-11-12 22:02:33-08,3.2,0.53
201411152061,2014-11-14 23:18:48-08,3.2,0.03
201411152103,2014-11-15 05:23:36-08,3,1.28
201411172033,2014-11-17 00:16:13-08,3.9,1.58
201411172106,2014-11-17 15:04:58-08,3.5,0
201411202050,2014-11-20 14:31:03-08,3.2,3.38
201411212052,2014-11-21 09:20:28-08,3.9,3.33
201412042025,2014-12-03 21:24:52-08,4.1,11.48
201412102041,2014-12-10 05:50:58-08,4.1,5.23
432876,2014-01-02 04:04:50-08,3.93,6.37
60664706,2014-01-02 04:05:17-08,3.9,6.4
434307,2014-01-13 22:10:22-08,3.75,8.65
60670622,2014-01-13 22:10:54-08,3.8,7
60674822,2014-01-23 20:40:35-08,4,0.01
435755,2014-01-24 01:08:07-08,3.07,7.71
435960,2014-01-25 16:03:13-08,3.08,10.51
436230,2014-01-28 08:27:30-08,3.24,9.34
436637,2014-01-29 23:00:00-08,3.22,8.88
436662,2014-01-30 02:32:02-08,3.16,12.08
436673,2014-01-30 03:22:58-08,3.14,9.26
444093,2014-04-18 02:41:26-07,3.34,1.7
444241,2014-04-20 08:35:40-07,3.14,6.41
60744712,2014-04-25 17:12:29-07,3.8,7.8
445547,2014-05-02 07:03:03-07,3.06,1.83
201407122048,2014-07-12 09:51:43-07,3,4.7
454026,2014-07-31 13:13:24-07,3.09,4.88
201408012023,2014-08-01 03:13:52-07,3,0
455424,2014-08-10 03:40:03-07,3.77,8.81
201408192005,2014-08-18 17:36:56-07,3.3,1.78
201408192017,2014-08-18 21:00:34-07,3.6,0
201408192032,2014-08-18 23:46:05-07,3.2,0.67
201408192035,2014-08-19 01:03:38-07,3,1.37
201408192041,2014-08-19 02:13:16-07,3.4,1.27
201408192086,2014-08-19 12:14:40-07,3.1,3.45
201408232025,2014-08-23 07:24:37-07,3.1,1.58
457305,2014-08-26 10:04:19-07,3.15,0
201408292019,2014-08-29 01:46:58-07,3.8,1.96
457746,2014-08-29 02:47:52-07,3.11,1.86
201408292031,2014-08-29 10:47:31-07,3,1.39
201409152087,2014-09-15 16:23:16-07,3,0
201409172066,2014-09-17 10:14:06-07,3.1,0
460130,2014-09-19 04:37:26-07,3.29,5.46
201409222005,2014-09-21 19:28:52-07,3.1,0
201409242058,2014-09-24 12:32:29-07,3.3,0
201410012032,2014-10-01 05:46:08-07,3.9,0
201410012039,2014-10-01 06:24:25-07,3.1,0
201410012069,2014-10-01 12:54:15-07,3.2,0
201410012071,2014-10-01 13:55:55-07,3,0
201410022056,2014-10-02 12:34:35-07,3.2,0
201410042005,2014-10-03 18:27:51-07,3.2,0.55
462798,2014-10-05 03:11:26-07,3.58,10.71
465689,2014-10-30 08:50:05-07,3.13,0.56
201411042025,2014-11-04 02:47:58-08,3.7,0
201411042063,2014-11-04 13:16:07-08,3.3,0.04
201411052020,2014-11-04 23:23:04-08,4.7,0.11
201411052021,2014-11-04 23:26:44-08,3.2,0
201411052025,2014-11-05 00:00:08-08,3,0.95
201411052029,2014-11-05 00:27:51-08,3,1.01
201411052033,2014-11-05 00:54:56-08,3.4,0
466275,2014-11-05 01:05:37-08,3.53,0
201411052034,2014-11-05 01:07:47-08,3.2,0
201411052043,2014-11-05 01:51:51-08,3.4,0.14
201411052049,2014-11-05 02:23:06-08,3.5,0
201411052054,2014-11-05 03:59:08-08,3,0
201411052055,2014-11-05 04:12:50-08,3.6,1.62
201411052056,2014-11-05 04:29:57-08,3.2,0
201411052061,2014-11-05 05:23:49-08,3.2,0
201411052080,2014-11-05 09:53:23-08,3.5,1.74
201411052090,2014-11-05 12:06:13-08,3.5,4.02
201411052094,2014-11-05 14:23:50-08,3.4,0
201411052097,2014-11-05 15:01:11-08,3.5,1.05
201411052101,2014-11-05 15:54:37-08,3.3,0
201411062006,2014-11-05 17:17:10-08,3.9,0.7
201411062007,2014-11-05 17:21:11-08,3.7,0
201411062010,2014-11-05 18:12:47-08,3.5,0.09
201411062020,2014-11-05 21:15:57-08,3.1,2.59
201411062025,2014-11-05 23:12:01-08,3.6,0.06
201411062031,2014-11-06 00:00:01-08,3.8,4.39
201411062034,2014-11-06 00:34:46-08,4.5,5.18
201411062062,2014-11-06 07:58:01-08,4.2,0.6
201411062098,2014-11-06 15:53:18-08,3.1,0
201411072012,2014-11-06 17:51:11-08,3.5,1.21
201411072028,2014-11-06 22:06:07-08,3.3,0
201411072031,2014-11-06 22:58:40-08,4,0
201411072040,2014-11-07 00:05:54-08,4.7,0
201411072049,2014-11-07 02:49:50-08,3.2,1.5
201411072051,2014-11-07 03:13:35-08,3,9.62
201411072065,2014-11-07 06:24:31-08,3.1,0
201411072081,2014-11-07 10:24:09-08,3,0
201411072082,2014-11-07 10:39:20-08,3.4,0.57
201411072085,2014-11-07 11:19:55-08,3.5,0
201411082012,2014-11-07 17:52:21-08,3.1,0
201411082022,2014-11-07 21:27:41-08,3.3,0
201411082023,2014-11-07 21:29:33-08,3.3,0.01
201411082048,2014-11-08 03:27:29-08,3.2,0
201411082064,2014-11-08 08:25:30-08,3.3,0
201411092058,2014-11-09 11:32:27-08,3.3,2.71
201411092071,2014-11-09 15:39:46-08,3.2,2.16
201411102004,2014-11-09 17:19:29-08,3.2,0.58
201411102016,2014-11-09 18:43:13-08,3.7,0
201411112055,2014-11-11 08:40:32-08,3,0.98
201411122040,2014-11-12 06:52:54-08,3.3,0
201411122043,2014-11-12 07:17:52-08,3.4,0
201411122047,2014-11-12 07:40:48-08,3.1,0.53
201411132022,2014-11-12 22:36:07-08,4.6,0
201411142044,2014-11-14 04:16:15-08,3.6,0
201411142058,2014-11-14 11:03:52-08,3,0
201411152107,2014-11-15 05:58:38-08,3.8,0.25
201411152109,2014-11-15 06:20:56-08,3.1,4.4
201411152139,2014-11-15 15:40:02-08,3.1,0
201411222004,2014-11-21 17:05:38-08,3.1,3.63
468980,2014-11-21 18:40:22-08,3.55,4.35
201411222016,2014-11-21 22:41:11-08,3.6,2.42
201411252016,2014-11-24 20:32:44-08,3.5,8.1
469413,2014-11-24 20:34:35-08,3.01,7.2
201412102042,2014-12-10 05:52:33-08,3.4,3.4
201412102043,2014-12-10 05:53:43-08,3.3,4.53
201412102045,2014-12-10 06:07:29-08,3.4,4.96
201412102046,2014-12-10 06:22:49-08,3.2,3.79
201412102070,2014-12-10 14:46:20-08,3.7,5.91
201412112001,2014-12-10 16:06:29-08,3.8,6.36
201412122062,2014-12-12 13:36:45-08,3,10.52
201412142031,2014-12-14 01:28:23-08,3.3,3.14
201412142071,2014-12-14 14:58:02-08,3.3,4.2
201412152047,2014-12-15 06:46:03-08,3.6,2.66
201412192045,2014-12-19 05:33:13-08,3.3,3.57
201412192047,2014-12-19 05:37:12-08,3.3,2.82
201412192056,2014-12-19 06:41:00-08,3,3.96
201412192060,2014-12-19 07:29:43-08,3.1,5.55
201412202019,2014-12-19 22:44:40-08,3.1,4.89
201403112010,2014-03-10 20:01:54-07,3.3,8.16
201403212054,2014-03-21 10:30:16-07,3,10.95
201407092006,2014-07-08 19:10:04-07,3,3.43
201408202043,2014-08-20 09:33:58-07,3.1,6.76
201409082040,2014-09-08 05:56:52-07,3.4,5
201409082045,2014-09-08 08:23:30-07,3.2,5.4
201403122026,2014-03-12 02:50:25-07,3.3,3.1
201403162020,2014-03-16 01:46:20-07,3.7,2.7
201403222031,2014-03-22 03:24:25-07,3,6.54
201407202044,2014-07-20 05:24:58-07,3.3,6.15
201407262049,2014-07-26 03:57:10-07,3.4,3.12
201408252002,2014-08-24 17:10:05-07,3,4.65
201409302035,2014-09-30 05:30:25-07,3.3,5
201409302041,2014-09-30 07:55:04-07,3.8,3.06
201409302044,2014-09-30 08:24:31-07,3.1,5
201409302048,2014-09-30 09:47:57-07,3.1,5
201410012003,2014-09-30 17:33:29-07,3,9.22
201410012017,2014-09-30 23:11:05-07,3.3,5
201410022047,2014-10-02 11:02:55-07,3.5,5
201410022049,2014-10-02 11:03:43-07,3.1,5
201410022051,2014-10-02 11:35:43-07,3.4,5
201410022071,2014-10-02 15:50:48-07,3.1,5
201410102012,2014-10-09 21:58:51-07,3.3,5.96
201410202039,2014-10-20 07:25:02-07,3.1,4.81
201410212039,2014-10-21 04:55:43-07,3,5.15
201411152136,2014-11-15 14:02:39-08,3.3,2.67
201408162049,2014-08-16 14:25:29-07,3.1,0
201401132086,2014-01-13 09:40:21-08,3.1,2
201401282023,2014-01-28 09:54:44-08,3,5
201409142034,2014-09-14 02:18:59-07,3.2,3.09
201401262024,2014-01-25 22:38:18-08,3.2,4.98
201401302005,2014-01-29 20:50:31-08,3.4,9.91
201402112021,2014-02-11 00:49:21-08,3,7.78
201402142057,2014-02-14 12:46:15-08,3,5
201403082007,2014-03-07 17:29:04-08,3,4.7
201403142006,2014-03-13 19:22:14-07,3.1,4.4
201403222009,2014-03-21 19:30:33-07,3.1,4.5
201403282028,2014-03-28 10:56:11-07,3.1,5
201403282035,2014-03-28 16:16:24-07,3.2,4.92
201403292020,2014-03-28 23:11:18-07,3.1,7
201403302015,2014-03-29 23:51:56-07,4.3,5
201404032118,2014-04-03 13:33:11-07,3.1,5
201404042022,2014-04-03 23:42:34-07,3,4.2
201404092003,2014-04-08 20:36:06-07,3.2,4.67
201404112020,2014-04-10 22:17:50-07,3,5.11
201405022012,2014-05-01 22:46:03-07,3.2,4.67
201405092054,2014-05-09 11:52:47-07,3.9,4
201406142037,2014-06-14 15:55:07-07,3.3,5
201406242062,2014-06-24 09:57:30-07,3.2,6.1
201406242065,2014-06-24 10:38:10-07,3,5
201406252016,2014-06-25 06:09:45-07,3.3,5
201406262005,2014-06-25 22:26:45-07,3.6,4.99
201406262006,2014-06-25 22:38:57-07,3.5,6.3
201406262009,2014-06-25 23:13:30-07,3.4,5
201406262024,2014-06-26 16:28:03-07,3.8,4.99
201407032051,2014-07-03 07:43:41-07,3.1,5
201407062003,2014-07-05 18:44:18-07,3.3,4.92
201407112041,2014-07-11 05:17:05-07,3.4,6.4
201407122037,2014-07-12 04:27:26-07,3.2,5
201407152032,2014-07-15 02:08:40-07,3.9,6.65
201407152039,2014-07-15 03:47:53-07,3,4.84
201408072041,2014-08-07 09:03:44-07,3,5.31
201408162022,2014-08-16 03:54:24-07,3.4,6.1
201408182002,2014-08-17 18:25:57-07,3.7,3
201408182078,2014-08-18 12:14:24-07,3.4,5
201408252041,2014-08-25 14:41:07-07,3.2,1.32
201408292020,2014-08-29 02:52:13-07,3,4.53
201408292027,2014-08-29 08:39:25-07,3.2,3.61
201409022014,2014-09-02 01:05:10-07,3.4,4.12
201409132042,2014-09-13 09:58:10-07,3.2,3.19
201409152001,2014-09-14 17:11:16-07,3.1,4.32
201409192046,2014-09-19 10:23:17-07,3.6,4.28
201409282004,2014-09-27 19:26:03-07,3.2,5
201409302069,2014-09-30 15:12:10-07,3,6.52
201410012063,2014-10-01 11:18:55-07,3.6,5
201410012068,2014-10-01 12:24:16-07,3,4.49
201410012075,2014-10-01 15:15:01-07,3,4.56
201410072034,2014-10-07 05:03:52-07,3.1,7.93
201410102024,2014-10-10 00:38:35-07,3,4.69
201410142010,2014-10-13 18:18:06-07,3,6.24
201410142021,2014-10-13 21:55:44-07,3.3,3.5
201410142022,2014-10-13 22:06:01-07,3.1,3.16
201410142024,2014-10-13 23:26:18-07,3.3,2.34
201410152023,2014-10-15 02:51:16-07,3.5,7.86
201410152030,2014-10-15 05:33:39-07,3,5
201410182041,2014-10-18 05:34:23-07,3,5
201410192056,2014-10-19 10:11:17-07,3,3.99
201410302025,2014-10-30 11:57:02-07,3.4,3.79
201411032026,2014-11-02 23:10:32-08,3.3,6.01
201411042011,2014-11-03 20:16:48-08,3,4.32
201411042047,2014-11-04 08:46:37-08,3,5
201411092004,2014-11-08 17:20:39-08,3,4.73
201411092037,2014-11-09 04:55:44-08,3.1,7.03
201411092061,2014-11-09 12:10:18-08,3.8,3.41
201411102007,2014-11-09 18:11:30-08,3.1,4.74
201411102012,2014-11-09 18:30:56-08,3.5,4.06
201411132048,2014-11-13 06:34:23-08,3.2,4.26
201411142009,2014-11-13 19:54:32-08,3,5.86
201411142042,2014-11-14 03:58:31-08,3.6,3.52
201411142051,2014-11-14 07:41:54-08,3,4.65
201411162044,2014-11-16 02:32:40-08,3.2,4.9
201411182077,2014-11-18 08:16:07-08,3.6,5
201411192053,2014-11-19 04:19:02-08,3.1,5
201411192059,2014-11-19 05:28:52-08,3,5.27
201411192062,2014-11-19 06:17:29-08,3.2,7.67
201411222027,2014-11-22 01:39:29-08,3.8,5.72
201411242022,2014-11-23 22:36:08-08,4,5.27
201411252004,2014-11-24 17:43:39-08,3,3.9
201411252037,2014-11-25 06:43:40-08,3.6,4.13
201411262048,2014-11-26 08:54:04-08,3.1,4.27
201411272004,2014-11-26 16:54:23-08,3.1,4.01
201411282019,2014-11-28 00:36:36-08,3,5.85
201411302013,2014-11-30 02:24:44-08,4.3,5.68
201411302016,2014-11-30 04:18:58-08,3.6,6.26
201412022045,2014-12-02 08:25:53-08,3,4.97
201412042044,2014-12-04 03:34:52-08,3,7.18
201412072078,2014-12-07 14:13:08-08,3.6,5.15
201412082037,2014-12-08 06:05:51-08,3.2,6.98
201412092029,2014-12-09 00:38:01-08,3.2,4.53
201412102059,2014-12-10 09:43:23-08,3,5.52
201412112018,2014-12-10 23:53:49-08,3.8,3.66
201412112052,2014-12-11 11:57:45-08,3.1,5
201412112057,2014-12-11 12:51:03-08,3.4,5.62
201412142069,2014-12-14 14:22:55-08,3.2,6.64
201412152057,2014-12-15 10:22:17-08,3,6.58
201412212004,2014-12-20 17:17:09-08,3,5.19
201412212020,2014-12-20 21:59:04-08,3.1,7.59
201412212029,2014-12-21 00:53:23-08,3,4.21
201412262037,2014-12-26 10:03:37-08,3.1,5.48
201412292039,2014-12-29 09:50:55-08,3.1,5
201412302053,2014-12-30 13:24:51-08,3.5,5
201401042049,2014-01-04 12:35:30-08,3.5,2.99
201401042052,2014-01-04 13:26:17-08,3.2,5
201401042056,2014-01-04 15:33:32-08,3.7,5
201401092005,2014-01-08 19:26:53-08,3.8,3.21
201401092042,2014-01-09 15:07:39-08,3.1,4.63
201401312008,2014-01-31 07:52:58-08,3,5
201401312010,2014-01-31 09:59:12-08,3,2.79
201402012030,2014-02-01 01:08:02-08,3.6,5
201402052056,2014-02-05 15:15:40-08,3.5,10.65
201402062024,2014-02-06 04:48:08-08,3.3,4.45
201402092003,2014-02-08 18:16:02-08,4.1,5
201402102060,2014-02-10 15:37:39-08,3.5,5
201402112013,2014-02-10 19:19:54-08,3,5
201402122029,2014-02-12 04:41:37-08,3.4,10.42
201402162004,2014-02-15 17:51:47-08,3.3,5
201402172011,2014-02-16 20:54:59-08,3.8,7.4
201402172012,2014-02-16 21:02:11-08,3.2,5.39
201402172035,2014-02-17 04:57:39-08,3.1,5
201402172040,2014-02-17 06:19:13-08,3,4.4
201402182032,2014-02-18 03:53:51-08,3.4,5.03
201402182036,2014-02-18 04:16:44-08,3.2,5.14
201402212044,2014-02-21 13:38:50-08,3.2,5
201402232008,2014-02-22 19:11:38-08,3,5
201402232012,2014-02-22 20:44:35-08,3.2,5
201402232018,2014-02-22 23:23:32-08,3,5
201402232023,2014-02-23 01:15:41-08,3.3,5
201402242001,2014-02-23 16:11:33-08,3.1,5
201402242035,2014-02-24 08:44:59-08,3.2,4.3
201402262025,2014-02-26 10:18:02-08,3,5.17
201402262029,2014-02-26 11:30:33-08,3.4,5
201402262031,2014-02-26 11:44:37-08,3,5
201402272001,2014-02-26 16:19:10-08,3.2,0
201402272005,2014-02-27 02:14:02-08,3.7,5
201403022010,2014-03-01 20:21:46-08,3.5,4.4
201403022049,2014-03-02 06:55:46-08,3,3
201403082008,2014-03-07 17:34:12-08,3.1,5
201403082065,2014-03-08 13:50:55-08,3.3,5
201403172052,2014-03-17 01:13:38-07,3.4,7.01
201403172099,2014-03-17 16:38:19-07,3,4.02
201403192007,2014-03-19 01:28:30-07,3.1,5
201403192008,2014-03-19 01:54:30-07,3.1,5
201403192014,2014-03-19 04:23:14-07,3.1,3.7
201403192047,2014-03-19 13:15:32-07,3.4,1.6
201403202004,2014-03-19 22:12:23-07,3.1,6.71
201403202015,2014-03-20 07:39:17-07,3.3,5
201403202054,2014-03-20 15:42:32-07,3.3,3.66
201403222015,2014-03-21 20:01:32-07,3,5
201403222016,2014-03-21 20:02:35-07,3.1,4.5
201403222017,2014-03-21 20:05:58-07,3.9,4.5
201403222056,2014-03-22 12:15:54-07,3,5
201403222058,2014-03-22 12:42:12-07,3.3,4.1
201403242050,2014-03-24 16:32:46-07,3,5.8
201403252022,2014-03-25 07:01:19-07,3.2,6.02
201403302016,2014-03-29 23:59:29-07,3.3,5.18
201403302017,2014-03-30 01:07:05-07,3.5,6.02
201403302018,2014-03-30 01:10:31-07,3.6,3.21
201403302020,2014-03-30 01:42:36-07,4.3,4.95
201403302034,2014-03-30 05:49:42-07,3.4,5
201403302039,2014-03-30 07:09:59-07,4.1,3.9
201403312034,2014-03-31 16:59:47-07,3.1,6.68
201404012020,2014-04-01 00:07:43-07,3,6.38
201404012040,2014-04-01 10:07:13-07,3.2,5
201404022016,2014-04-01 17:56:25-07,3.3,5
201404032120,2014-04-03 13:58:39-07,3.1,5
201404042009,2014-04-03 19:23:47-07,3.5,5.2
201404042013,2014-04-03 20:15:41-07,3.1,5
201404042061,2014-04-04 11:54:18-07,3.4,5
201404052044,2014-04-05 03:54:55-07,3,3.88
201404052050,2014-04-05 05:42:16-07,3.8,2.17
201404062032,2014-04-06 07:25:09-07,3,5
201404062034,2014-04-06 07:58:54-07,3.8,5
201404072010,2014-04-06 20:25:34-07,3.4,5
201404072015,2014-04-06 22:59:34-07,3,4.13
201404072041,2014-04-07 09:03:03-07,4.2,5.13
201404072053,2014-04-07 11:01:42-07,3.1,5.3
201404092042,2014-04-09 10:27:50-07,3,6.8
201404092060,2014-04-09 14:09:30-07,3.2,6.03
201404102016,2014-04-09 21:48:14-07,3.2,5.28
201404102023,2014-04-10 00:33:57-07,4.1,3.39
201404102024,2014-04-10 00:35:40-07,3.2,6.84
201404102026,2014-04-10 01:19:43-07,3.4,5.54
201404102040,2014-04-10 09:53:47-07,3.1,7.99
201404102046,2014-04-10 11:00:48-07,3.7,8.1
201404102049,2014-04-10 11:18:44-07,3.1,8
201404122010,2014-04-11 19:53:38-07,3,5.3
201404122024,2014-04-11 22:32:52-07,3.6,5
201404122065,2014-04-12 09:13:15-07,3.3,3.08
201404132139,2014-04-13 10:00:15-07,3.4,5.74
201404132154,2014-04-13 13:02:21-07,3.5,5.9
201404142050,2014-04-14 06:17:58-07,3.1,7.45
201404172005,2014-04-17 04:50:08-07,3.4,5
201404202061,2014-04-20 12:31:32-07,3.3,7.19
201404222009,2014-04-22 02:57:07-07,3.3,8.29
201404232011,2014-04-23 08:35:33-07,3.1,5
201404242016,2014-04-24 10:46:17-07,3.2,5
201404272004,2014-04-26 18:36:49-07,3,1.3
201404282003,2014-04-27 19:26:41-07,3.2,4.04
201404282006,2014-04-27 21:38:38-07,3.1,5
201404282018,2014-04-28 05:00:18-07,3,2.9
201404302007,2014-04-30 00:48:09-07,3.1,5
201404302021,2014-04-30 12:46:10-07,3.4,5
201404302022,2014-04-30 14:26:00-07,3.2,4.22
201405012022,2014-05-01 03:04:07-07,3.4,4.43
201405012053,2014-05-01 12:07:30-07,3.1,4.13
201405022027,2014-05-02 03:29:20-07,3,6.35
201405022053,2014-05-02 12:44:20-07,3.2,5.53
201405032035,2014-05-03 02:39:07-07,3.6,5
201405072047,2014-05-07 11:57:02-07,3.2,2.49
201405082040,2014-05-08 08:08:57-07,3,4.77
201405082059,2014-05-08 13:40:32-07,3.6,5
201405112020,2014-05-11 00:50:50-07,3,5.83
201405122001,2014-05-11 17:13:03-07,3,5.42
201405132058,2014-05-13 14:39:11-07,3.3,5
201405152001,2014-05-14 17:28:53-07,3,4.65
201405152042,2014-05-15 13:23:21-07,3.5,5
201405162009,2014-05-15 20:35:07-07,3,5
201405162062,2014-05-16 13:00:00-07,3.1,8.1
201405172027,2014-05-17 03:47:05-07,3.1,4.72
201405172059,2014-05-17 13:54:31-07,3.2,2.56
201405182016,2014-05-18 01:29:26-07,3,3.64
201405182032,2014-05-18 11:53:47-07,3,5
201405192009,2014-05-18 21:16:03-07,3.1,3.78
201405192011,2014-05-18 23:29:08-07,3,4.26
201405202006,2014-05-19 20:58:31-07,3.2,7.54
201405202011,2014-05-19 22:42:38-07,3.3,7.55
201405202013,2014-05-20 00:30:18-07,3.4,7.48
201405202021,2014-05-20 06:59:28-07,3.1,6.88
201405252012,2014-05-25 02:10:34-07,3,5
201405302029,2014-05-30 07:32:16-07,3.3,2.41
201405302046,2014-05-30 14:42:02-07,3.3,6.45
201405302049,2014-05-30 15:44:56-07,3.1,4.49
201405312014,2014-05-31 03:18:06-07,3.9,5
201406012025,2014-05-31 22:50:09-07,3.1,5
201406022056,2014-06-02 16:08:02-07,3.1,5.3
201406102007,2014-06-10 00:19:55-07,3.1,5
201406102023,2014-06-10 08:13:51-07,3.1,5.57
201406152026,2014-06-15 10:33:02-07,3,5
201406162012,2014-06-16 03:31:07-07,3.5,5.89
201406162013,2014-06-16 03:47:35-07,4.3,5
201406162015,2014-06-16 04:25:13-07,3,6.72
201406182009,2014-06-18 03:53:02-07,4.1,5
201406182011,2014-06-18 07:08:33-07,3.7,5.97
201406182017,2014-06-18 10:26:33-07,3.1,5
201406182019,2014-06-18 10:44:40-07,3,4.09
201406182021,2014-06-18 11:42:26-07,3.2,5
201406182022,2014-06-18 12:11:33-07,3.6,4.4
201406182023,2014-06-18 12:44:41-07,3.2,5.63
201406202022,2014-06-20 07:46:18-07,3.5,6.4
201406202033,2014-06-20 16:10:56-07,3.9,0.01
201406232004,2014-06-23 00:42:06-07,3.2,6.88
201406232008,2014-06-23 02:48:01-07,3.3,4.59
201406232010,2014-06-23 06:44:59-07,3.5,5.49
201406242053,2014-06-24 07:15:56-07,3,5.54
201406262010,2014-06-26 00:45:56-07,3,3.3
201406262011,2014-06-26 00:57:16-07,3,2.97
201406272005,2014-06-27 00:10:46-07,3.4,4.79
201406272012,2014-06-27 05:36:57-07,3.2,5
201406272017,2014-06-27 08:09:02-07,3.9,5
201406272021,2014-06-27 13:18:35-07,3,5
201406272022,2014-06-27 15:35:05-07,4,4.93
201406282005,2014-06-27 23:08:44-07,3,4.96
201406302003,2014-06-29 18:30:45-07,3.1,1.14
201407012030,2014-07-01 01:20:34-07,3.2,5
201407012056,2014-07-01 07:22:07-07,3.1,5
201407032056,2014-07-03 09:09:03-07,3,5
201407032068,2014-07-03 13:14:54-07,3.2,4.66
201407032069,2014-07-03 13:24:20-07,3,3.98
201407042011,2014-07-03 21:55:09-07,3.2,7.05
201407042050,2014-07-04 13:48:01-07,3,5
201407062010,2014-07-05 21:10:46-07,3.3,4.82
201407062043,2014-07-06 08:22:05-07,3.1,5
201407072027,2014-07-07 00:44:13-07,3.2,3.62
201407072061,2014-07-07 07:38:21-07,3.2,7.73
201407122050,2014-07-12 10:11:46-07,4,4.05
201407122051,2014-07-12 10:34:27-07,3.1,5
201407142019,2014-07-14 00:15:51-07,3.9,5
201407152028,2014-07-15 00:19:17-07,3.5,6.55
201407182007,2014-07-17 18:37:28-07,3,4.96
201407182053,2014-07-18 06:41:13-07,3.3,5
201407232004,2014-07-22 19:02:26-07,3.3,5.26
201407232020,2014-07-23 07:03:47-07,3.2,5.1
201407272040,2014-07-27 15:19:22-07,3.2,4.52
201407282036,2014-07-28 15:26:50-07,3.3,4.76
201407292006,2014-07-28 19:46:36-07,4.3,7.6
201407302028,2014-07-30 09:21:32-07,3.4,5.1
201407302030,2014-07-30 09:46:59-07,3.3,5
201407302038,2014-07-30 16:48:03-07,3.2,5
201407312007,2014-07-30 23:09:30-07,3.1,4.11
201408022006,2014-08-01 18:44:30-07,3.1,5.8
201408032027,2014-08-02 21:57:57-07,3.2,6.7
201408032058,2014-08-03 05:21:26-07,3,3.77
201408032080,2014-08-03 10:11:06-07,3.1,5.59
201408042052,2014-08-04 08:30:42-07,3.3,3.7
201408042060,2014-08-04 11:23:01-07,3.2,6.39
201408062039,2014-08-06 09:06:44-07,3,5
201408072044,2014-08-07 09:39:21-07,3.2,5.39
201408082040,2014-08-08 13:21:56-07,3.3,3.9
201408082043,2014-08-08 13:45:37-07,3,4.16
201408082044,2014-08-08 13:58:40-07,3,3.81
201408102057,2014-08-10 15:29:04-07,3.3,5
201408122025,2014-08-12 05:34:19-07,3,5
201408132050,2014-08-13 08:44:28-07,3.3,5.64
201408142039,2014-08-14 07:15:31-07,3.2,5.12
201408172016,2014-08-16 23:18:43-07,3.4,5.01
201408172019,2014-08-16 23:31:10-07,3.2,5
201408172045,2014-08-17 08:59:05-07,3.1,5
201408172052,2014-08-17 09:35:07-07,3.1,4.81
201408182008,2014-08-17 19:50:09-07,3.5,5
201408202027,2014-08-20 04:31:59-07,3.3,4.89
201408202031,2014-08-20 05:27:40-07,3,5
201408202032,2014-08-20 05:38:06-07,3,5
201408222062,2014-08-22 12:23:10-07,3.1,3.36
201408232017,2014-08-23 04:22:12-07,3.3,5
201408272018,2014-08-27 08:44:24-07,3.1,4.81
201408312035,2014-08-31 09:57:17-07,3.4,3.89
201408312042,2014-08-31 11:49:01-07,3.2,4.86
201408312053,2014-08-31 15:04:51-07,3.1,5.29
201409012045,2014-09-01 10:36:12-07,3,5
201409012049,2014-09-01 11:31:06-07,3.2,5
201409022007,2014-09-01 21:58:06-07,3.3,13.44
201409042024,2014-09-04 04:41:20-07,3.4,5
201409042054,2014-09-04 16:02:42-07,3,3.7
201409042055,2014-09-04 16:32:05-07,3.3,5
201409062095,2014-09-06 11:53:59-07,3.4,5
201409082053,2014-09-08 11:04:22-07,3.6,3.02
201409082068,2014-09-08 14:02:14-07,3.5,6.17
201409092019,2014-09-09 02:06:46-07,3.4,5
201409092024,2014-09-09 03:06:44-07,3,11.68
201409122040,2014-09-12 07:41:55-07,3.7,3.75
201409132023,2014-09-13 01:22:30-07,3.4,4.68
201409132054,2014-09-13 13:01:07-07,3,5
201409142011,2014-09-13 21:10:05-07,3.3,5.27
201409152024,2014-09-15 02:21:22-07,3.1,3.55
201409152045,2014-09-15 06:27:40-07,3.1,4.01
201409152074,2014-09-15 13:08:03-07,3.9,4.82
201409152075,2014-09-15 13:14:12-07,3.2,4.97
201409162060,2014-09-16 15:35:03-07,3.2,4.24
201409172042,2014-09-17 04:09:05-07,3.2,5.58
201409172045,2014-09-17 04:58:26-07,3,7.23
201409172046,2014-09-17 05:02:55-07,3.2,7.48
201409172052,2014-09-17 06:21:54-07,3.3,3.33
201409192001,2014-09-18 17:08:03-07,3,4.49
201409192002,2014-09-18 18:31:53-07,3.8,4.56
201409192003,2014-09-18 18:34:34-07,3.3,5.26
201409192013,2014-09-18 22:08:02-07,3.3,5
201409192027,2014-09-19 03:55:21-07,3,4.41
201409202028,2014-09-20 00:10:18-07,3,3.69
201409212003,2014-09-20 17:36:12-07,3.1,4.77
201409222049,2014-09-22 12:28:34-07,3.6,5
201409232013,2014-09-23 00:58:02-07,3.3,3.89
201409232018,2014-09-23 03:34:00-07,3,5
201409232023,2014-09-23 06:37:10-07,3,5
201409272030,2014-09-27 05:14:49-07,3.4,5
201409272031,2014-09-27 05:29:20-07,3.1,4.44
201409292028,2014-09-29 07:43:39-07,3.1,4
201409302006,2014-09-29 20:01:25-07,4,2.2
201409302011,2014-09-29 22:35:36-07,3,5
201409302014,2014-09-29 23:06:01-07,3.2,3.95
201409302015,2014-09-29 23:21:59-07,3,4.14
201410042067,2014-10-04 13:23:08-07,3.1,5.71
201410052004,2014-10-04 18:10:31-07,3.2,5.67
201410072054,2014-10-07 09:51:13-07,4,5.28
201410072080,2014-10-07 16:57:39-07,3,3.34
201410082004,2014-10-07 18:48:28-07,3.2,4.57
201410102036,2014-10-10 06:51:21-07,4.2,5
201410102042,2014-10-10 09:18:24-07,3.2,3.27
201410102047,2014-10-10 10:26:20-07,3.1,3.56
201410122075,2014-10-12 12:40:43-07,3,3.51
201410132053,2014-10-13 09:03:11-07,3,3.4
201410172043,2014-10-17 05:43:48-07,3,6.95
201410172050,2014-10-17 08:11:23-07,3.2,5
201410172055,2014-10-17 09:47:41-07,3.2,6.11
201410172056,2014-10-17 09:56:42-07,3.3,5
201410182068,2014-10-18 12:26:13-07,3,4.83
201410192003,2014-10-18 18:16:13-07,3.4,4.36
201410192004,2014-10-18 18:49:44-07,3,5
201410192006,2014-10-18 20:04:01-07,3,6.01
201410212004,2014-10-20 17:46:17-07,3.3,2.39
201410212031,2014-10-21 01:55:46-07,3,3.93
201410222072,2014-10-22 15:31:29-07,3.2,7.26
201410232029,2014-10-23 00:06:03-07,3,5
201410272021,2014-10-27 03:42:31-07,3.1,5
201410312002,2014-10-30 17:39:28-07,3.2,4.54
201410312003,2014-10-30 17:49:33-07,3.1,3.58
201410312011,2014-10-30 23:22:59-07,3.8,7.45
201411142022,2014-11-13 23:06:51-08,3.3,5.16
201411142023,2014-11-13 23:10:19-08,3,4.87
201411142025,2014-11-13 23:34:56-08,3.1,4.44
201411142026,2014-11-13 23:43:23-08,3,4.85
201411192024,2014-11-18 19:34:24-08,3.3,5.89
201411192025,2014-11-18 20:06:50-08,3.1,6.16
201411222033,2014-11-22 06:36:06-08,3.5,6.2
201411222034,2014-11-22 06:54:45-08,3,6.09
201411222042,2014-11-22 10:31:34-08,3.1,4.48
201411232008,2014-11-22 20:25:58-08,3.4,5
201411242023,2014-11-23 22:55:53-08,3.3,5
201411242025,2014-11-24 00:28:31-08,3.4,5
201411242034,2014-11-24 06:08:10-08,3,6.87
201411242048,2014-11-24 11:05:57-08,3.7,5.33
201411252001,2014-11-24 16:16:51-08,3,5
201411252053,2014-11-25 14:04:21-08,3.4,4.82
201411252063,2014-11-25 15:32:55-08,3.5,5.58
201411262058,2014-11-26 11:29:19-08,3,5.55
201412042062,2014-12-04 10:04:17-08,3.5,5
201412042075,2014-12-04 15:29:58-08,3.1,4.96
201412052015,2014-12-04 19:54:22-08,3.7,4.01
201412122031,2014-12-12 03:31:46-08,3.3,8.47
201412132032,2014-12-13 01:51:30-08,3.6,6.5
201412142030,2014-12-14 01:14:21-08,3.9,5.41
201412142034,2014-12-14 02:19:54-08,3.1,5.22
201412142049,2014-12-14 07:48:41-08,3.8,6.42
201412142050,2014-12-14 08:09:47-08,3,5.51
201412152010,2014-12-14 18:32:50-08,3,4.05
201412152050,2014-12-15 09:01:56-08,3.2,5.78
201412162038,2014-12-16 09:01:26-08,3.4,5.69
201412162040,2014-12-16 09:18:35-08,3.1,5.64
201412182067,2014-12-18 15:06:54-08,3.4,4.34
201412212065,2014-12-21 10:36:00-08,3.4,4.66
201412212066,2014-12-21 10:42:55-08,3.4,4.02
201412222018,2014-12-21 19:40:56-08,3.6,5
201412222022,2014-12-21 21:05:53-08,3,6.97
201412252023,2014-12-25 12:32:49-08,3.5,6.95
201412252035,2014-12-25 15:11:36-08,3.9,1.98
201412272017,2014-12-26 19:21:36-08,3,6.74
201412272038,2014-12-27 08:39:57-08,3.4,5
201412282024,2014-12-28 02:02:56-08,3,7.12
201412302035,2014-12-30 07:11:50-08,3.1,5
201412302054,2014-12-30 13:37:25-08,3.3,5
201402252038,2014-02-25 14:45:38-08,3.8,5
60703407,2014-02-27 07:48:51-08,3.03,24.46
60891152,2014-10-11 23:24:59-07,3.5,58.22
60686921,2014-02-03 12:29:08-08,3.02,23.88
60740486,2014-04-12 17:04:42-07,4.9,26.72
201404142077,2014-04-14 11:58:37-07,3.3,8.9
201404132003,2014-04-12 17:23:50-07,3.2,4.83
201404142080,2014-04-14 13:16:45-07,4.4,7.4
201404142090,2014-04-14 15:43:40-07,3.3,19.36
201405052037,2014-05-05 02:27:45-07,3.7,5.8
201412232030,2014-12-23 03:53:33-08,3.4,10
201412232032,2014-12-23 03:56:26-08,3.8,6.5
201407032073,2014-07-03 15:56:31-07,3.9,5
201407062013,2014-07-05 21:24:56-07,3.5,5
201407122024,2014-07-12 00:12:53-07,3,5
201409202068,2014-09-20 13:02:12-07,3.2,6.04
201412012030,2014-11-30 23:53:44-08,3.2,5
201401102039,2014-01-10 08:08:33-08,3.4,5
201406292009,2014-06-28 22:08:44-07,3.5,5
201406292015,2014-06-29 01:25:19-07,3.4,5
201406292024,2014-06-29 07:33:59-07,3.6,5
201406292025,2014-06-29 08:40:10-07,3.3,5
201406302015,2014-06-30 09:54:01-07,3.5,5
201407112057,2014-07-11 10:33:21-07,3.6,5
201404212039,2014-04-21 11:16:08-07,3.2,5
201411272023,2014-11-27 08:17:35-08,3.2,99.8
201402032066,2014-02-03 08:39:23-08,4.2,118.6
201403202011,2014-03-20 02:06:26-07,4.2,52.78
201403302003,2014-03-29 18:32:54-07,5.1,72
201405062019,2014-05-05 21:03:02-07,4.1,19.9
201405102057,2014-05-10 12:27:16-07,4.2,7.3
201405172032,2014-05-17 05:33:36-07,3.5,14.2
201406292011,2014-06-28 23:58:45-07,4.6,12.9
201407122001,2014-07-11 17:48:53-07,3,17
201408312017,2014-08-31 02:33:28-07,3.1,17.2
201409022010,2014-09-01 23:33:56-07,3.1,16.5
201409182034,2014-09-18 04:11:31-07,3.4,167
201409252052,2014-09-25 12:59:52-07,3.1,157.4
